USE CONCESIONARIO
GO

-- INSERCIONES TABLA CUSTOMERS --

insert into Customers (idCustomers, nameCustomer, adressCustomer, phoneCustomer) values (1, 'Shanan', 'PO Box 62252', '599 463 3151');
insert into Customers (idCustomers, nameCustomer, adressCustomer, phoneCustomer) values (2, 'Jesselyn', 'PO Box 41676', '943 311 7807');
insert into Customers (idCustomers, nameCustomer, adressCustomer, phoneCustomer) values (3, 'Pammi', 'PO Box 56798', '119 509 9164');
insert into Customers (idCustomers, nameCustomer, adressCustomer, phoneCustomer) values (4, 'Chevy', 'Apt 1956', '254 418 3066');
insert into Customers (idCustomers, nameCustomer, adressCustomer, phoneCustomer) values (5, 'Ellis', 'Room 908', '349 354 1672');
insert into Customers (idCustomers, nameCustomer, adressCustomer, phoneCustomer) values (6, 'Eddie', 'Room 1576', '103 534 5327');
insert into Customers (idCustomers, nameCustomer, adressCustomer, phoneCustomer) values (7, 'Brice', '17th Floor', '526 279 6950');
insert into Customers (idCustomers, nameCustomer, adressCustomer, phoneCustomer) values (8, 'Keven', 'Room 935', '590 969 2937');
insert into Customers (idCustomers, nameCustomer, adressCustomer, phoneCustomer) values (9, 'Kerry', 'PO Box 31811', '495 772 9460');
insert into Customers (idCustomers, nameCustomer, adressCustomer, phoneCustomer) values (10, 'Hazel', 'Suite 81', '742 492 9372');
insert into Customers (idCustomers, nameCustomer, adressCustomer, phoneCustomer) values (11, 'Delores', 'Room 1762', '325 923 5414');
insert into Customers (idCustomers, nameCustomer, adressCustomer, phoneCustomer) values (12, 'Leonelle', 'PO Box 80173', '542 838 6519');
insert into Customers (idCustomers, nameCustomer, adressCustomer, phoneCustomer) values (13, 'Moss', 'Apt 1804', '910 569 9359');
insert into Customers (idCustomers, nameCustomer, adressCustomer, phoneCustomer) values (14, 'Corinne', 'Room 886', '410 724 6496');
insert into Customers (idCustomers, nameCustomer, adressCustomer, phoneCustomer) values (15, 'Meggie', 'Apt 1827', '232 440 4501');
insert into Customers (idCustomers, nameCustomer, adressCustomer, phoneCustomer) values (16, 'Minta', 'Suite 89', '410 911 8932');
insert into Customers (idCustomers, nameCustomer, adressCustomer, phoneCustomer) values (17, 'William', 'Suite 36', '941 825 5584');
insert into Customers (idCustomers, nameCustomer, adressCustomer, phoneCustomer) values (18, 'Waylin', 'Room 1913', '442 237 1777');
insert into Customers (idCustomers, nameCustomer, adressCustomer, phoneCustomer) values (19, 'Kirby', '2nd Floor', '623 307 2791');
insert into Customers (idCustomers, nameCustomer, adressCustomer, phoneCustomer) values (20, 'Juan', 'Room 1638', '331 812 2147');
insert into Customers (idCustomers, nameCustomer, adressCustomer, phoneCustomer) values (21, 'Erma', '14th Floor', '169 334 9486');
insert into Customers (idCustomers, nameCustomer, adressCustomer, phoneCustomer) values (22, 'Leonelle', 'PO Box 12109', '176 181 9863');
insert into Customers (idCustomers, nameCustomer, adressCustomer, phoneCustomer) values (23, 'Jessy', 'Apt 1465', '225 570 9375');
insert into Customers (idCustomers, nameCustomer, adressCustomer, phoneCustomer) values (24, 'Michale', 'PO Box 20378', '327 862 3291');
insert into Customers (idCustomers, nameCustomer, adressCustomer, phoneCustomer) values (25, 'Bradan', 'PO Box 98810', '463 568 2410');
insert into Customers (idCustomers, nameCustomer, adressCustomer, phoneCustomer) values (26, 'Cass', 'Suite 85', '310 624 3157');
insert into Customers (idCustomers, nameCustomer, adressCustomer, phoneCustomer) values (27, 'Andriana', 'Apt 225', '395 896 5928');
insert into Customers (idCustomers, nameCustomer, adressCustomer, phoneCustomer) values (28, 'Loy', 'Suite 91', '577 422 9936');
insert into Customers (idCustomers, nameCustomer, adressCustomer, phoneCustomer) values (29, 'Deeyn', 'Suite 22', '777 262 0920');
insert into Customers (idCustomers, nameCustomer, adressCustomer, phoneCustomer) values (30, 'North', 'Apt 262', '843 992 3086');
insert into Customers (idCustomers, nameCustomer, adressCustomer, phoneCustomer) values (31, 'Erin', 'Suite 82', '184 695 4819');
insert into Customers (idCustomers, nameCustomer, adressCustomer, phoneCustomer) values (32, 'Consalve', 'Room 1895', '152 868 2095');
insert into Customers (idCustomers, nameCustomer, adressCustomer, phoneCustomer) values (33, 'Priscella', 'Apt 431', '435 300 7051');
insert into Customers (idCustomers, nameCustomer, adressCustomer, phoneCustomer) values (34, 'Trescha', 'Suite 4', '265 133 7669');
insert into Customers (idCustomers, nameCustomer, adressCustomer, phoneCustomer) values (35, 'Rosemary', 'Room 883', '469 966 0014');
insert into Customers (idCustomers, nameCustomer, adressCustomer, phoneCustomer) values (36, 'Joaquin', 'Apt 876', '678 525 3180');
insert into Customers (idCustomers, nameCustomer, adressCustomer, phoneCustomer) values (37, 'Neely', 'PO Box 13978', '260 311 8987');
insert into Customers (idCustomers, nameCustomer, adressCustomer, phoneCustomer) values (38, 'Joela', 'Room 1824', '718 320 2022');
insert into Customers (idCustomers, nameCustomer, adressCustomer, phoneCustomer) values (39, 'Libbi', 'PO Box 33320', '609 118 0947');
insert into Customers (idCustomers, nameCustomer, adressCustomer, phoneCustomer) values (40, 'Mead', 'Room 1878', '276 729 0883');
insert into Customers (idCustomers, nameCustomer, adressCustomer, phoneCustomer) values (41, 'Joelly', 'Apt 329', '554 584 5992');
insert into Customers (idCustomers, nameCustomer, adressCustomer, phoneCustomer) values (42, 'Kissie', 'PO Box 26878', '652 773 8227');
insert into Customers (idCustomers, nameCustomer, adressCustomer, phoneCustomer) values (43, 'Bathsheba', 'PO Box 18969', '925 669 1749');
insert into Customers (idCustomers, nameCustomer, adressCustomer, phoneCustomer) values (44, 'Betteann', '10th Floor', '901 324 2220');
insert into Customers (idCustomers, nameCustomer, adressCustomer, phoneCustomer) values (45, 'Alisun', 'PO Box 74723', '963 970 6454');
insert into Customers (idCustomers, nameCustomer, adressCustomer, phoneCustomer) values (46, 'Clementina', 'Apt 1718', '754 249 4595');
insert into Customers (idCustomers, nameCustomer, adressCustomer, phoneCustomer) values (47, 'Kerrill', 'Apt 337', '980 467 4430');
insert into Customers (idCustomers, nameCustomer, adressCustomer, phoneCustomer) values (48, 'Jasper', '6th Floor', '641 178 6064');
insert into Customers (idCustomers, nameCustomer, adressCustomer, phoneCustomer) values (49, 'Garreth', 'Suite 64', '128 301 2675');
insert into Customers (idCustomers, nameCustomer, adressCustomer, phoneCustomer) values (50, 'Mari', 'Apt 562', '401 888 5770');

SELECT * FROM Customers

-- INSERCIONES TABLA USEDCARS --

insert into UsedCars (idUsedCars, idCustomers, brandUsedCar, modelUsedCar, registrationUsedCar, priceUsedCar, dateCesion) values (1, 33, 'Cadillac', 1954, 'mastercard', 52788964, '7/30/2018');
insert into UsedCars (idUsedCars, idCustomers, brandUsedCar, modelUsedCar, registrationUsedCar, priceUsedCar, dateCesion) values (2, 25, 'Eagle', 1995, 'mastercard', 21353709, '6/29/2022');
insert into UsedCars (idUsedCars, idCustomers, brandUsedCar, modelUsedCar, registrationUsedCar, priceUsedCar, dateCesion) values (3, 20, 'Ford', 2011, 'mastercard', 94166661, '8/26/2022');
insert into UsedCars (idUsedCars, idCustomers, brandUsedCar, modelUsedCar, registrationUsedCar, priceUsedCar, dateCesion) values (4, 15, 'Dodge', 2004, 'mastercard', 94892611, '1/23/2022');
insert into UsedCars (idUsedCars, idCustomers, brandUsedCar, modelUsedCar, registrationUsedCar, priceUsedCar, dateCesion) values (5, 27, 'Chrysler', 1998, 'mastercard', 29392903, '10/9/2019');
insert into UsedCars (idUsedCars, idCustomers, brandUsedCar, modelUsedCar, registrationUsedCar, priceUsedCar, dateCesion) values (6, 32, 'Chevrolet', 2007, 'mastercard', 58267459, '5/4/2022');
insert into UsedCars (idUsedCars, idCustomers, brandUsedCar, modelUsedCar, registrationUsedCar, priceUsedCar, dateCesion) values (7, 1, 'Suzuki', 1987, 'mastercard', 14321007, '2/25/2017');
insert into UsedCars (idUsedCars, idCustomers, brandUsedCar, modelUsedCar, registrationUsedCar, priceUsedCar, dateCesion) values (8, 39, 'Mercedes-Benz', 1993, 'mastercard', 67376740, '2/16/2018');
insert into UsedCars (idUsedCars, idCustomers, brandUsedCar, modelUsedCar, registrationUsedCar, priceUsedCar, dateCesion) values (9, 45, 'GMC', 2012, 'mastercard', 74707643, '1/28/2017');
insert into UsedCars (idUsedCars, idCustomers, brandUsedCar, modelUsedCar, registrationUsedCar, priceUsedCar, dateCesion) values (10, 38, 'Land Rover', 2004, 'mastercard', 82188736, '2/10/2020');
insert into UsedCars (idUsedCars, idCustomers, brandUsedCar, modelUsedCar, registrationUsedCar, priceUsedCar, dateCesion) values (11, 49, 'Buick', 1991, 'mastercard', 50127552, '2/13/2017');
insert into UsedCars (idUsedCars, idCustomers, brandUsedCar, modelUsedCar, registrationUsedCar, priceUsedCar, dateCesion) values (12, 21, 'Mitsubishi', 2000, 'mastercard', 87324781, '8/24/2022');
insert into UsedCars (idUsedCars, idCustomers, brandUsedCar, modelUsedCar, registrationUsedCar, priceUsedCar, dateCesion) values (13, 1, 'Infiniti', 2004, 'mastercard', 30029334, '11/27/2022');
insert into UsedCars (idUsedCars, idCustomers, brandUsedCar, modelUsedCar, registrationUsedCar, priceUsedCar, dateCesion) values (14, 28, 'Chevrolet', 2005, 'mastercard', 95262293, '1/18/2019');
insert into UsedCars (idUsedCars, idCustomers, brandUsedCar, modelUsedCar, registrationUsedCar, priceUsedCar, dateCesion) values (15, 50, 'Toyota', 2011, 'mastercard', 63512368, '3/24/2018');
insert into UsedCars (idUsedCars, idCustomers, brandUsedCar, modelUsedCar, registrationUsedCar, priceUsedCar, dateCesion) values (16, 30, 'Audi', 2007, 'mastercard', 97446891, '12/26/2019');
insert into UsedCars (idUsedCars, idCustomers, brandUsedCar, modelUsedCar, registrationUsedCar, priceUsedCar, dateCesion) values (17, 1, 'Volkswagen', 1985, 'mastercard', 41372348, '8/9/2021');
insert into UsedCars (idUsedCars, idCustomers, brandUsedCar, modelUsedCar, registrationUsedCar, priceUsedCar, dateCesion) values (18, 24, 'Chevrolet', 2001, 'mastercard', 64761451, '3/30/2022');
insert into UsedCars (idUsedCars, idCustomers, brandUsedCar, modelUsedCar, registrationUsedCar, priceUsedCar, dateCesion) values (19, 22, 'Toyota', 2008, 'mastercard', 85255204, '12/24/2021');
insert into UsedCars (idUsedCars, idCustomers, brandUsedCar, modelUsedCar, registrationUsedCar, priceUsedCar, dateCesion) values (20, 18, 'Chrysler', 1992, 'mastercard', 28220403, '2/4/2021');
insert into UsedCars (idUsedCars, idCustomers, brandUsedCar, modelUsedCar, registrationUsedCar, priceUsedCar, dateCesion) values (21, 42, 'Bentley', 2008, 'mastercard', 62910618, '8/26/2022');
insert into UsedCars (idUsedCars, idCustomers, brandUsedCar, modelUsedCar, registrationUsedCar, priceUsedCar, dateCesion) values (22, 25, 'Dodge', 1999, 'mastercard', 17763108, '9/19/2022');
insert into UsedCars (idUsedCars, idCustomers, brandUsedCar, modelUsedCar, registrationUsedCar, priceUsedCar, dateCesion) values (23, 39, 'Jeep', 2010, 'mastercard', 9017917, '6/15/2018');
insert into UsedCars (idUsedCars, idCustomers, brandUsedCar, modelUsedCar, registrationUsedCar, priceUsedCar, dateCesion) values (24, 12, 'Lexus', 2008, 'mastercard', 67291673, '9/3/2024');
insert into UsedCars (idUsedCars, idCustomers, brandUsedCar, modelUsedCar, registrationUsedCar, priceUsedCar, dateCesion) values (25, 17, 'Mitsubishi', 1991, 'mastercard', 42610239, '3/17/2023');
insert into UsedCars (idUsedCars, idCustomers, brandUsedCar, modelUsedCar, registrationUsedCar, priceUsedCar, dateCesion) values (26, 32, 'Lotus', 1994, 'mastercard', 13048426, '10/14/2018');
insert into UsedCars (idUsedCars, idCustomers, brandUsedCar, modelUsedCar, registrationUsedCar, priceUsedCar, dateCesion) values (27, 32, 'Ford', 2007, 'mastercard', 6602273, '8/25/2022');
insert into UsedCars (idUsedCars, idCustomers, brandUsedCar, modelUsedCar, registrationUsedCar, priceUsedCar, dateCesion) values (28, 4, 'Mercedes-Benz', 2000, 'mastercard', 31894110, '11/19/2021');
insert into UsedCars (idUsedCars, idCustomers, brandUsedCar, modelUsedCar, registrationUsedCar, priceUsedCar, dateCesion) values (29, 30, 'Hyundai', 2010, 'mastercard', 16638027, '11/2/2022');
insert into UsedCars (idUsedCars, idCustomers, brandUsedCar, modelUsedCar, registrationUsedCar, priceUsedCar, dateCesion) values (30, 14, 'Ford', 2009, 'mastercard', 43143845, '5/27/2024');
insert into UsedCars (idUsedCars, idCustomers, brandUsedCar, modelUsedCar, registrationUsedCar, priceUsedCar, dateCesion) values (31, 39, 'Toyota', 2009, 'mastercard', 55890984, '1/28/2023');
insert into UsedCars (idUsedCars, idCustomers, brandUsedCar, modelUsedCar, registrationUsedCar, priceUsedCar, dateCesion) values (32, 32, 'Chevrolet', 2000, 'mastercard', 36980594, '2/24/2019');
insert into UsedCars (idUsedCars, idCustomers, brandUsedCar, modelUsedCar, registrationUsedCar, priceUsedCar, dateCesion) values (33, 19, 'Subaru', 2003, 'mastercard', 62481027, '1/17/2019');
insert into UsedCars (idUsedCars, idCustomers, brandUsedCar, modelUsedCar, registrationUsedCar, priceUsedCar, dateCesion) values (34, 26, 'Honda', 1985, 'mastercard', 8705745, '2/16/2020');
insert into UsedCars (idUsedCars, idCustomers, brandUsedCar, modelUsedCar, registrationUsedCar, priceUsedCar, dateCesion) values (35, 35, 'Volvo', 2001, 'mastercard', 18864869, '9/15/2017');
insert into UsedCars (idUsedCars, idCustomers, brandUsedCar, modelUsedCar, registrationUsedCar, priceUsedCar, dateCesion) values (36, 48, 'BMW', 1957, 'mastercard', 24887085, '5/17/2019');
insert into UsedCars (idUsedCars, idCustomers, brandUsedCar, modelUsedCar, registrationUsedCar, priceUsedCar, dateCesion) values (37, 38, 'Subaru', 1999, 'mastercard', 69855093, '12/21/2019');
insert into UsedCars (idUsedCars, idCustomers, brandUsedCar, modelUsedCar, registrationUsedCar, priceUsedCar, dateCesion) values (38, 4, 'Dodge', 1992, 'mastercard', 70861021, '11/13/2019');
insert into UsedCars (idUsedCars, idCustomers, brandUsedCar, modelUsedCar, registrationUsedCar, priceUsedCar, dateCesion) values (39, 37, 'BMW', 2004, 'mastercard', 96314576, '3/5/2023');
insert into UsedCars (idUsedCars, idCustomers, brandUsedCar, modelUsedCar, registrationUsedCar, priceUsedCar, dateCesion) values (40, 22, 'Pontiac', 1986, 'mastercard', 46346337, '5/2/2024');
insert into UsedCars (idUsedCars, idCustomers, brandUsedCar, modelUsedCar, registrationUsedCar, priceUsedCar, dateCesion) values (41, 46, 'Ford', 1966, 'mastercard', 25508224, '3/24/2020');
insert into UsedCars (idUsedCars, idCustomers, brandUsedCar, modelUsedCar, registrationUsedCar, priceUsedCar, dateCesion) values (42, 36, 'Nissan', 2012, 'mastercard', 72329430, '4/16/2018');
insert into UsedCars (idUsedCars, idCustomers, brandUsedCar, modelUsedCar, registrationUsedCar, priceUsedCar, dateCesion) values (43, 14, 'Bentley', 2009, 'mastercard', 3498586, '2/24/2017');
insert into UsedCars (idUsedCars, idCustomers, brandUsedCar, modelUsedCar, registrationUsedCar, priceUsedCar, dateCesion) values (44, 15, 'Toyota', 2004, 'mastercard', 87474047, '7/26/2019');
insert into UsedCars (idUsedCars, idCustomers, brandUsedCar, modelUsedCar, registrationUsedCar, priceUsedCar, dateCesion) values (45, 27, 'Dodge', 2008, 'mastercard', 22554225, '5/30/2023');
insert into UsedCars (idUsedCars, idCustomers, brandUsedCar, modelUsedCar, registrationUsedCar, priceUsedCar, dateCesion) values (46, 46, 'Dodge', 2010, 'mastercard', 56013505, '6/30/2020');
insert into UsedCars (idUsedCars, idCustomers, brandUsedCar, modelUsedCar, registrationUsedCar, priceUsedCar, dateCesion) values (47, 50, 'Oldsmobile', 1998, 'mastercard', 41975035, '10/8/2019');
insert into UsedCars (idUsedCars, idCustomers, brandUsedCar, modelUsedCar, registrationUsedCar, priceUsedCar, dateCesion) values (48, 38, 'Mitsubishi', 2004, 'mastercard', 20767413, '5/4/2019');
insert into UsedCars (idUsedCars, idCustomers, brandUsedCar, modelUsedCar, registrationUsedCar, priceUsedCar, dateCesion) values (49, 38, 'Toyota', 2010, 'mastercard', 56800040, '1/12/2023');
insert into UsedCars (idUsedCars, idCustomers, brandUsedCar, modelUsedCar, registrationUsedCar, priceUsedCar, dateCesion) values (50, 2, 'Dodge', 2006, 'mastercard', 37765484, '1/20/2020');

-- INSERCIONES TABLA OPTIONS --

insert into Options (idOptions, nameOption, descriptionOption, priceOption) values (1, 'gov', 'WAUKH94F17N389780', 384943);
insert into Options (idOptions, nameOption, descriptionOption, priceOption) values (2, 'edu', '5NPDH4AE7FH314297', 496374);
insert into Options (idOptions, nameOption, descriptionOption, priceOption) values (3, 'net', 'WDDUG7JB0FA463853', 596270);
insert into Options (idOptions, nameOption, descriptionOption, priceOption) values (4, 'info', 'KMHDB8AE9CU252651', 944387);
insert into Options (idOptions, nameOption, descriptionOption, priceOption) values (5, 'net', 'WBAPM7G52AN915253', 792966);
insert into Options (idOptions, nameOption, descriptionOption, priceOption) values (6, 'biz', '1B3CC1FB6AN556564', 417576);
insert into Options (idOptions, nameOption, descriptionOption, priceOption) values (7, 'org', 'WAUHFBFL5CN630826', 735740);
insert into Options (idOptions, nameOption, descriptionOption, priceOption) values (8, 'org', '1GYS4AEF2CR588557', 523389);
insert into Options (idOptions, nameOption, descriptionOption, priceOption) values (9, 'org', '2LMHJ5FK6FB711733', 964667);
insert into Options (idOptions, nameOption, descriptionOption, priceOption) values (10, 'info', 'KNAFX6A86E5316636', 848976);
insert into Options (idOptions, nameOption, descriptionOption, priceOption) values (11, 'biz', 'WAULC58E65A156995', 966141);
insert into Options (idOptions, nameOption, descriptionOption, priceOption) values (12, 'edu', 'WBAYB6C51DD057214', 201686);
insert into Options (idOptions, nameOption, descriptionOption, priceOption) values (13, 'com', '1G6KD57Y67U168429', 502201);
insert into Options (idOptions, nameOption, descriptionOption, priceOption) values (14, 'org', '3C4PDDDG8DT937706', 554934);
insert into Options (idOptions, nameOption, descriptionOption, priceOption) values (15, 'org', 'WBAYA8C57FG239130', 455906);
insert into Options (idOptions, nameOption, descriptionOption, priceOption) values (16, 'info', 'JA32U1FU2AU736556', 166540);
insert into Options (idOptions, nameOption, descriptionOption, priceOption) values (17, 'com', 'WAUBF78E18A123695', 788418);
insert into Options (idOptions, nameOption, descriptionOption, priceOption) values (18, 'biz', 'WP0AA2A97ES279582', 135099);
insert into Options (idOptions, nameOption, descriptionOption, priceOption) values (19, 'com', '2T1BURHEXEC073097', 323044);
insert into Options (idOptions, nameOption, descriptionOption, priceOption) values (20, 'com', 'SCFFDCCD7CG060935', 957713);
insert into Options (idOptions, nameOption, descriptionOption, priceOption) values (21, 'com', '5GALVAED6AJ521897', 603869);
insert into Options (idOptions, nameOption, descriptionOption, priceOption) values (22, 'biz', 'WBXPC93447W803445', 115845);
insert into Options (idOptions, nameOption, descriptionOption, priceOption) values (23, 'org', 'WP1AE2A28CL259982', 903610);
insert into Options (idOptions, nameOption, descriptionOption, priceOption) values (24, 'info', 'WBAUN7C58CV689521', 586153);
insert into Options (idOptions, nameOption, descriptionOption, priceOption) values (25, 'mil', '1C3CDZCB3EN742992', 131591);
insert into Options (idOptions, nameOption, descriptionOption, priceOption) values (26, 'edu', '1FMEU3BE4AU782178', 116134);
insert into Options (idOptions, nameOption, descriptionOption, priceOption) values (27, 'edu', 'WAUSF98E78A875235', 509393);
insert into Options (idOptions, nameOption, descriptionOption, priceOption) values (28, 'com', 'WBANN73547B781625', 269618);
insert into Options (idOptions, nameOption, descriptionOption, priceOption) values (29, 'org', '3D73Y3HL1BG217793', 926172);
insert into Options (idOptions, nameOption, descriptionOption, priceOption) values (30, 'net', '5GAER23778J602921', 112638);
insert into Options (idOptions, nameOption, descriptionOption, priceOption) values (31, 'info', '5J8TB2H26CA085984', 530554);
insert into Options (idOptions, nameOption, descriptionOption, priceOption) values (32, 'net', '2FMGK5C86FB222291', 719536);
insert into Options (idOptions, nameOption, descriptionOption, priceOption) values (33, 'name', '1GYFC66868R292059', 717585);
insert into Options (idOptions, nameOption, descriptionOption, priceOption) values (34, 'edu', '2C4RDGBG5ER601027', 188241);
insert into Options (idOptions, nameOption, descriptionOption, priceOption) values (35, 'mil', '1VWAP7A39EC518953', 301218);
insert into Options (idOptions, nameOption, descriptionOption, priceOption) values (36, 'net', '1N6AA0CH2FN661766', 709041);
insert into Options (idOptions, nameOption, descriptionOption, priceOption) values (37, 'gov', '1N6AA0CA9FN133872', 501304);
insert into Options (idOptions, nameOption, descriptionOption, priceOption) values (38, 'com', '5UXZV4C52CL718447', 413725);
insert into Options (idOptions, nameOption, descriptionOption, priceOption) values (39, 'info', 'KMHHT6KD4CU488181', 403407);
insert into Options (idOptions, nameOption, descriptionOption, priceOption) values (40, 'biz', '3C63D3HLXCG621917', 214733);
insert into Options (idOptions, nameOption, descriptionOption, priceOption) values (41, 'mil', 'JHMZF1D40DS072897', 953070);
insert into Options (idOptions, nameOption, descriptionOption, priceOption) values (42, 'info', 'JN1AY1AR2CM617853', 333030);
insert into Options (idOptions, nameOption, descriptionOption, priceOption) values (43, 'edu', '1D7CE3GK4AS953507', 377031);
insert into Options (idOptions, nameOption, descriptionOption, priceOption) values (44, 'net', '1D7RV1GT6AS258307', 677699);
insert into Options (idOptions, nameOption, descriptionOption, priceOption) values (45, 'edu', '3VW507AT4FM119504', 453453);
insert into Options (idOptions, nameOption, descriptionOption, priceOption) values (46, 'edu', '1G6DC8EY0B0586615', 700614);
insert into Options (idOptions, nameOption, descriptionOption, priceOption) values (47, 'gov', 'JM3TB2BA9B0869022', 115784);
insert into Options (idOptions, nameOption, descriptionOption, priceOption) values (48, 'biz', '1G4GL5G34DF389808', 852969);
insert into Options (idOptions, nameOption, descriptionOption, priceOption) values (49, 'com', 'WAUJC68E32A618860', 108938);
insert into Options (idOptions, nameOption, descriptionOption, priceOption) values (50, 'gov', 'WAUJFAFH8DN704538', 301579);

-- INSERCIONES TABLA CARS --

insert into Cars (idCars, idOptions, brandCar, modelCar, registrationCar, displacement, priceCar) values (1, 27, 'Dodge', 'Avenger', '#5fb', 26, 125115627);
insert into Cars (idCars, idOptions, brandCar, modelCar, registrationCar, displacement, priceCar) values (2, 36, 'Volkswagen', 'Passat', '#a4c', 74, 192009892);
insert into Cars (idCars, idOptions, brandCar, modelCar, registrationCar, displacement, priceCar) values (3, 21, 'Audi', 'Coupe GT', '#26e', 104, 173877239);
insert into Cars (idCars, idOptions, brandCar, modelCar, registrationCar, displacement, priceCar) values (4, 2, 'Lexus', 'ES', '#7c7', 115, 138247246);
insert into Cars (idCars, idOptions, brandCar, modelCar, registrationCar, displacement, priceCar) values (5, 35, 'Eagle', 'Talon', '#b17', 91, 20291495);
insert into Cars (idCars, idOptions, brandCar, modelCar, registrationCar, displacement, priceCar) values (6, 41, 'Oldsmobile', 'Aurora', '#f88', 199, 35859285);
insert into Cars (idCars, idOptions, brandCar, modelCar, registrationCar, displacement, priceCar) values (7, 11, 'Lexus', 'GX', '#07f', 57, 173079771);
insert into Cars (idCars, idOptions, brandCar, modelCar, registrationCar, displacement, priceCar) values (8, 11, 'Mercedes-Benz', 'M-Class', '#bca', 71, 136418918);
insert into Cars (idCars, idOptions, brandCar, modelCar, registrationCar, displacement, priceCar) values (9, 24, 'Volvo', 'C30', '#e24', 196, 68457937);
insert into Cars (idCars, idOptions, brandCar, modelCar, registrationCar, displacement, priceCar) values (10, 45, 'Mitsubishi', 'L300', '#6e1', 167, 145895964);
insert into Cars (idCars, idOptions, brandCar, modelCar, registrationCar, displacement, priceCar) values (11, 10, 'Mercedes-Benz', 'S-Class', '#a9f', 111, 89130294);
insert into Cars (idCars, idOptions, brandCar, modelCar, registrationCar, displacement, priceCar) values (12, 9, 'Dodge', 'Ram 3500', '#876', 37, 170507950);
insert into Cars (idCars, idOptions, brandCar, modelCar, registrationCar, displacement, priceCar) values (13, 32, 'Mitsubishi', 'Eclipse', '#1c0', 40, 132547777);
insert into Cars (idCars, idOptions, brandCar, modelCar, registrationCar, displacement, priceCar) values (14, 18, 'BMW', 'M3', '#454', 63, 51942986);
insert into Cars (idCars, idOptions, brandCar, modelCar, registrationCar, displacement, priceCar) values (15, 13, 'Dodge', 'Dynasty', '#ac6', 110, 84089068);
insert into Cars (idCars, idOptions, brandCar, modelCar, registrationCar, displacement, priceCar) values (16, 8, 'Ford', 'Escort', '#86c', 164, 57757227);
insert into Cars (idCars, idOptions, brandCar, modelCar, registrationCar, displacement, priceCar) values (17, 48, 'BMW', '7 Series', '#76e', 169, 23420079);
insert into Cars (idCars, idOptions, brandCar, modelCar, registrationCar, displacement, priceCar) values (18, 40, 'GMC', 'Yukon XL 1500', '#db4', 162, 51853097);
insert into Cars (idCars, idOptions, brandCar, modelCar, registrationCar, displacement, priceCar) values (19, 44, 'Volkswagen', 'Jetta', '#972', 126, 117454843);
insert into Cars (idCars, idOptions, brandCar, modelCar, registrationCar, displacement, priceCar) values (20, 44, 'Audi', 'Quattro', '#351', 142, 87011968);
insert into Cars (idCars, idOptions, brandCar, modelCar, registrationCar, displacement, priceCar) values (21, 35, 'Suzuki', 'SX4', '#fec', 148, 94901287);
insert into Cars (idCars, idOptions, brandCar, modelCar, registrationCar, displacement, priceCar) values (22, 14, 'Maserati', '430', '#846', 129, 161942220);
insert into Cars (idCars, idOptions, brandCar, modelCar, registrationCar, displacement, priceCar) values (23, 7, 'Mitsubishi', 'Eclipse', '#bb0', 38, 187240867);
insert into Cars (idCars, idOptions, brandCar, modelCar, registrationCar, displacement, priceCar) values (24, 31, 'Pontiac', 'Gemini', '#385', 162, 64260791);
insert into Cars (idCars, idOptions, brandCar, modelCar, registrationCar, displacement, priceCar) values (25, 31, 'Audi', 'A6', '#e5a', 130, 79806077);
insert into Cars (idCars, idOptions, brandCar, modelCar, registrationCar, displacement, priceCar) values (26, 36, 'Audi', 'RS 4', '#a72', 69, 191171165);
insert into Cars (idCars, idOptions, brandCar, modelCar, registrationCar, displacement, priceCar) values (27, 11, 'Fiat', '500', '#75d', 59, 135006373);
insert into Cars (idCars, idOptions, brandCar, modelCar, registrationCar, displacement, priceCar) values (28, 38, 'Mitsubishi', 'Montero', '#cec', 161, 145779319);
insert into Cars (idCars, idOptions, brandCar, modelCar, registrationCar, displacement, priceCar) values (29, 33, 'Chrysler', 'Town & Country', '#85f', 138, 39822859);
insert into Cars (idCars, idOptions, brandCar, modelCar, registrationCar, displacement, priceCar) values (30, 36, 'Subaru', 'Legacy', '#a1b', 120, 177514015);
insert into Cars (idCars, idOptions, brandCar, modelCar, registrationCar, displacement, priceCar) values (31, 44, 'Mitsubishi', 'Galant', '#c19', 57, 180719567);
insert into Cars (idCars, idOptions, brandCar, modelCar, registrationCar, displacement, priceCar) values (32, 35, 'GMC', 'Yukon XL 2500', '#1d9', 110, 166557612);
insert into Cars (idCars, idOptions, brandCar, modelCar, registrationCar, displacement, priceCar) values (33, 25, 'Chevrolet', 'Express 2500', '#c70', 22, 160169833);
insert into Cars (idCars, idOptions, brandCar, modelCar, registrationCar, displacement, priceCar) values (34, 40, 'Kia', 'Rio', '#a71', 46, 108758569);
insert into Cars (idCars, idOptions, brandCar, modelCar, registrationCar, displacement, priceCar) values (35, 26, 'Dodge', 'D250 Club', '#e20', 76, 94895654);
insert into Cars (idCars, idOptions, brandCar, modelCar, registrationCar, displacement, priceCar) values (36, 9, 'Volkswagen', 'Eos', '#f4a', 142, 62070334);
insert into Cars (idCars, idOptions, brandCar, modelCar, registrationCar, displacement, priceCar) values (37, 11, 'Ford', 'F250', '#31f', 190, 133870061);
insert into Cars (idCars, idOptions, brandCar, modelCar, registrationCar, displacement, priceCar) values (38, 33, 'BMW', 'X3', '#f66', 163, 40544968);
insert into Cars (idCars, idOptions, brandCar, modelCar, registrationCar, displacement, priceCar) values (39, 24, 'Jeep', 'Compass', '#3d2', 119, 108684885);
insert into Cars (idCars, idOptions, brandCar, modelCar, registrationCar, displacement, priceCar) values (40, 37, 'Kia', 'Optima', '#d04', 144, 91816419);
insert into Cars (idCars, idOptions, brandCar, modelCar, registrationCar, displacement, priceCar) values (41, 42, 'Pontiac', 'Bonneville', '#c3e', 53, 65478316);
insert into Cars (idCars, idOptions, brandCar, modelCar, registrationCar, displacement, priceCar) values (42, 2, 'Nissan', 'Xterra', '#718', 131, 23668639);
insert into Cars (idCars, idOptions, brandCar, modelCar, registrationCar, displacement, priceCar) values (43, 14, 'Audi', '80', '#f99', 87, 169862824);
insert into Cars (idCars, idOptions, brandCar, modelCar, registrationCar, displacement, priceCar) values (44, 20, 'Suzuki', 'Grand Vitara', '#ce0', 146, 168311447);
insert into Cars (idCars, idOptions, brandCar, modelCar, registrationCar, displacement, priceCar) values (45, 10, 'Land Rover', 'Discovery Series II', '#faa', 57, 166471485);
insert into Cars (idCars, idOptions, brandCar, modelCar, registrationCar, displacement, priceCar) values (46, 40, 'Ford', 'Explorer', '#7cf', 157, 163124238);
insert into Cars (idCars, idOptions, brandCar, modelCar, registrationCar, displacement, priceCar) values (47, 18, 'Mercury', 'Topaz', '#183', 140, 135019739);
insert into Cars (idCars, idOptions, brandCar, modelCar, registrationCar, displacement, priceCar) values (48, 5, 'Lexus', 'LX', '#b96', 158, 169019922);
insert into Cars (idCars, idOptions, brandCar, modelCar, registrationCar, displacement, priceCar) values (49, 38, 'Chevrolet', 'G-Series 2500', '#ba1', 167, 66462231);
insert into Cars (idCars, idOptions, brandCar, modelCar, registrationCar, displacement, priceCar) values (50, 14, 'GMC', 'Savana 3500', '#bac', 84, 191832061);

-- INSERCIONES SELLERS --

insert into Sellers (idSellers, nameSellers, adressSellers, phoneSellers) values (1, 'Leilah', 'Apt 898', '684 141 5802');
insert into Sellers (idSellers, nameSellers, adressSellers, phoneSellers) values (2, 'Kasper', 'Room 5', '787 800 9224');
insert into Sellers (idSellers, nameSellers, adressSellers, phoneSellers) values (3, 'Bill', 'PO Box 40740', '382 609 1139');
insert into Sellers (idSellers, nameSellers, adressSellers, phoneSellers) values (4, 'Tilda', 'Apt 1656', '136 358 2011');
insert into Sellers (idSellers, nameSellers, adressSellers, phoneSellers) values (5, 'Rowen', 'Suite 59', '891 399 7440');
insert into Sellers (idSellers, nameSellers, adressSellers, phoneSellers) values (6, 'Michael', 'PO Box 45495', '486 708 7832');
insert into Sellers (idSellers, nameSellers, adressSellers, phoneSellers) values (7, 'Tove', 'Apt 1450', '449 781 7250');
insert into Sellers (idSellers, nameSellers, adressSellers, phoneSellers) values (8, 'Goldie', 'Apt 1514', '210 578 1768');
insert into Sellers (idSellers, nameSellers, adressSellers, phoneSellers) values (9, 'Tory', '14th Floor', '263 582 4613');
insert into Sellers (idSellers, nameSellers, adressSellers, phoneSellers) values (10, 'Robinet', '19th Floor', '465 879 4700');
insert into Sellers (idSellers, nameSellers, adressSellers, phoneSellers) values (11, 'Melodie', '19th Floor', '137 314 7284');
insert into Sellers (idSellers, nameSellers, adressSellers, phoneSellers) values (12, 'Rubia', 'Room 672', '393 126 8904');
insert into Sellers (idSellers, nameSellers, adressSellers, phoneSellers) values (13, 'Ram', '12th Floor', '350 619 1347');
insert into Sellers (idSellers, nameSellers, adressSellers, phoneSellers) values (14, 'Chiarra', 'Room 1854', '866 249 2839');
insert into Sellers (idSellers, nameSellers, adressSellers, phoneSellers) values (15, 'Marjory', 'Room 1831', '834 454 9235');
insert into Sellers (idSellers, nameSellers, adressSellers, phoneSellers) values (16, 'Gustavus', 'Apt 1354', '438 485 3032');
insert into Sellers (idSellers, nameSellers, adressSellers, phoneSellers) values (17, 'Alyssa', 'Suite 25', '400 946 5781');
insert into Sellers (idSellers, nameSellers, adressSellers, phoneSellers) values (18, 'Ange', 'PO Box 46475', '928 114 2006');
insert into Sellers (idSellers, nameSellers, adressSellers, phoneSellers) values (19, 'Corina', '1st Floor', '426 760 1625');
insert into Sellers (idSellers, nameSellers, adressSellers, phoneSellers) values (20, 'Rae', 'Suite 11', '125 835 9963');
insert into Sellers (idSellers, nameSellers, adressSellers, phoneSellers) values (21, 'Baryram', 'Apt 682', '339 330 4055');
insert into Sellers (idSellers, nameSellers, adressSellers, phoneSellers) values (22, 'Gloria', '16th Floor', '165 264 7553');
insert into Sellers (idSellers, nameSellers, adressSellers, phoneSellers) values (23, 'Benedikt', 'Apt 877', '825 645 5210');
insert into Sellers (idSellers, nameSellers, adressSellers, phoneSellers) values (24, 'Bren', 'PO Box 24847', '162 964 8582');
insert into Sellers (idSellers, nameSellers, adressSellers, phoneSellers) values (25, 'Marcille', 'Apt 229', '598 452 1801');
insert into Sellers (idSellers, nameSellers, adressSellers, phoneSellers) values (26, 'Fairleigh', 'PO Box 95497', '443 873 1500');
insert into Sellers (idSellers, nameSellers, adressSellers, phoneSellers) values (27, 'Joannes', '15th Floor', '578 186 2888');
insert into Sellers (idSellers, nameSellers, adressSellers, phoneSellers) values (28, 'Wandis', '20th Floor', '824 833 3042');
insert into Sellers (idSellers, nameSellers, adressSellers, phoneSellers) values (29, 'Verna', 'Room 665', '354 371 6973');
insert into Sellers (idSellers, nameSellers, adressSellers, phoneSellers) values (30, 'Oneida', 'Suite 34', '714 796 5697');
insert into Sellers (idSellers, nameSellers, adressSellers, phoneSellers) values (31, 'Dmitri', 'Apt 98', '728 397 6720');
insert into Sellers (idSellers, nameSellers, adressSellers, phoneSellers) values (32, 'Edna', 'Apt 188', '861 379 9358');
insert into Sellers (idSellers, nameSellers, adressSellers, phoneSellers) values (33, 'Nettie', 'Suite 96', '369 281 1902');
insert into Sellers (idSellers, nameSellers, adressSellers, phoneSellers) values (34, 'Corny', 'Suite 62', '405 230 4937');
insert into Sellers (idSellers, nameSellers, adressSellers, phoneSellers) values (35, 'Catherine', 'Room 276', '222 805 3247');
insert into Sellers (idSellers, nameSellers, adressSellers, phoneSellers) values (36, 'Grant', 'Apt 640', '205 534 3047');
insert into Sellers (idSellers, nameSellers, adressSellers, phoneSellers) values (37, 'Cecile', '4th Floor', '884 498 0491');
insert into Sellers (idSellers, nameSellers, adressSellers, phoneSellers) values (38, 'Terrijo', 'Apt 897', '862 323 2619');
insert into Sellers (idSellers, nameSellers, adressSellers, phoneSellers) values (39, 'Lynnelle', 'Suite 47', '545 567 6465');
insert into Sellers (idSellers, nameSellers, adressSellers, phoneSellers) values (40, 'Britney', '17th Floor', '792 792 7177');
insert into Sellers (idSellers, nameSellers, adressSellers, phoneSellers) values (41, 'Michaelina', '8th Floor', '245 751 2069');
insert into Sellers (idSellers, nameSellers, adressSellers, phoneSellers) values (42, 'Adel', 'Apt 849', '762 822 1077');
insert into Sellers (idSellers, nameSellers, adressSellers, phoneSellers) values (43, 'Francisca', 'PO Box 40513', '520 681 6793');
insert into Sellers (idSellers, nameSellers, adressSellers, phoneSellers) values (44, 'Aurelie', '3rd Floor', '414 237 1918');
insert into Sellers (idSellers, nameSellers, adressSellers, phoneSellers) values (45, 'Verney', 'Apt 524', '891 656 0202');
insert into Sellers (idSellers, nameSellers, adressSellers, phoneSellers) values (46, 'Kevina', 'PO Box 81012', '930 536 0007');
insert into Sellers (idSellers, nameSellers, adressSellers, phoneSellers) values (47, 'Prissie', 'Apt 203', '393 606 3970');
insert into Sellers (idSellers, nameSellers, adressSellers, phoneSellers) values (48, 'Cassy', '15th Floor', '801 855 0188');
insert into Sellers (idSellers, nameSellers, adressSellers, phoneSellers) values (49, 'Ed', 'Suite 83', '944 676 4962');
insert into Sellers (idSellers, nameSellers, adressSellers, phoneSellers) values (50, 'Marty', 'Apt 133', '317 828 3780');

-- INSERCIONES SALES --

insert into Sales (idSales, idSellers, idCars, dateSale) values (1, 21, 1, '1/9/2019');
insert into Sales (idSales, idSellers, idCars, dateSale) values (2, 47, 2, '7/15/2024');
insert into Sales (idSales, idSellers, idCars, dateSale) values (3, 30, 3, '9/14/2017');
insert into Sales (idSales, idSellers, idCars, dateSale) values (4, 26, 4, '4/20/2019');
insert into Sales (idSales, idSellers, idCars, dateSale) values (5, 1, 5, '1/10/2020');
insert into Sales (idSales, idSellers, idCars, dateSale) values (6, 7, 6, '5/25/2019');
insert into Sales (idSales, idSellers, idCars, dateSale) values (7, 22, 7, '8/6/2018');
insert into Sales (idSales, idSellers, idCars, dateSale) values (8, 48, 8, '1/22/2022');
insert into Sales (idSales, idSellers, idCars, dateSale) values (9, 12, 9, '10/26/2023');
insert into Sales (idSales, idSellers, idCars, dateSale) values (10, 36, 10, '6/25/2022');
insert into Sales (idSales, idSellers, idCars, dateSale) values (11, 47, 11, '4/12/2020');
insert into Sales (idSales, idSellers, idCars, dateSale) values (12, 1, 12, '10/12/2022');
insert into Sales (idSales, idSellers, idCars, dateSale) values (13, 27, 13, '12/22/2023');
insert into Sales (idSales, idSellers, idCars, dateSale) values (14, 35, 14, '1/1/2023');
insert into Sales (idSales, idSellers, idCars, dateSale) values (15, 49, 15, '7/6/2021');
insert into Sales (idSales, idSellers, idCars, dateSale) values (16, 10, 16, '4/14/2023');
insert into Sales (idSales, idSellers, idCars, dateSale) values (17, 39, 17, '6/16/2024');
insert into Sales (idSales, idSellers, idCars, dateSale) values (18, 5, 18, '3/26/2024');
insert into Sales (idSales, idSellers, idCars, dateSale) values (19, 4, 19, '1/1/2018');
insert into Sales (idSales, idSellers, idCars, dateSale) values (20, 38, 20, '8/9/2021');
insert into Sales (idSales, idSellers, idCars, dateSale) values (21, 7, 21, '5/18/2017');
insert into Sales (idSales, idSellers, idCars, dateSale) values (22, 17, 22, '8/5/2017');
insert into Sales (idSales, idSellers, idCars, dateSale) values (23, 15, 23, '8/30/2021');
insert into Sales (idSales, idSellers, idCars, dateSale) values (24, 6, 24, '5/25/2017');
insert into Sales (idSales, idSellers, idCars, dateSale) values (25, 24, 25, '10/4/2017');
insert into Sales (idSales, idSellers, idCars, dateSale) values (26, 8, 26, '8/9/2019');
insert into Sales (idSales, idSellers, idCars, dateSale) values (27, 41, 27, '8/4/2024');
insert into Sales (idSales, idSellers, idCars, dateSale) values (28, 16, 28, '7/17/2017');
insert into Sales (idSales, idSellers, idCars, dateSale) values (29, 21, 29, '6/25/2021');
insert into Sales (idSales, idSellers, idCars, dateSale) values (30, 6, 30, '3/21/2024');
insert into Sales (idSales, idSellers, idCars, dateSale) values (31, 15, 31, '5/14/2022');
insert into Sales (idSales, idSellers, idCars, dateSale) values (32, 26, 32, '10/10/2021');
insert into Sales (idSales, idSellers, idCars, dateSale) values (33, 15, 33, '1/26/2023');
insert into Sales (idSales, idSellers, idCars, dateSale) values (34, 29, 34, '3/25/2019');
insert into Sales (idSales, idSellers, idCars, dateSale) values (35, 10, 35, '11/28/2020');
insert into Sales (idSales, idSellers, idCars, dateSale) values (36, 33, 36, '9/29/2022');
insert into Sales (idSales, idSellers, idCars, dateSale) values (37, 26, 37, '2/15/2023');
insert into Sales (idSales, idSellers, idCars, dateSale) values (38, 47, 38, '4/6/2018');
insert into Sales (idSales, idSellers, idCars, dateSale) values (39, 28, 39, '7/9/2017');
insert into Sales (idSales, idSellers, idCars, dateSale) values (40, 30, 40, '10/5/2020');
insert into Sales (idSales, idSellers, idCars, dateSale) values (41, 35, 41, '1/11/2023');
insert into Sales (idSales, idSellers, idCars, dateSale) values (42, 15, 42, '1/1/2024');
insert into Sales (idSales, idSellers, idCars, dateSale) values (43, 12, 43, '1/10/2020');
insert into Sales (idSales, idSellers, idCars, dateSale) values (44, 15, 44, '10/27/2021');
insert into Sales (idSales, idSellers, idCars, dateSale) values (45, 10, 45, '7/18/2018');
insert into Sales (idSales, idSellers, idCars, dateSale) values (46, 9, 46, '5/5/2018');
insert into Sales (idSales, idSellers, idCars, dateSale) values (47, 22, 47, '1/1/2022');
insert into Sales (idSales, idSellers, idCars, dateSale) values (48, 31, 48, '2/27/2024');
insert into Sales (idSales, idSellers, idCars, dateSale) values (49, 43, 49, '2/7/2022');
insert into Sales (idSales, idSellers, idCars, dateSale) values (50, 25, 50, '8/17/2020');

-- INSERCIONES BUYS --

insert into Buys (idBuys, idCustomers, idCars, dateBuy) values (1, 27, 1, '11/6/2017');
insert into Buys (idBuys, idCustomers, idCars, dateBuy) values (2, 6, 2, '12/12/2017');
insert into Buys (idBuys, idCustomers, idCars, dateBuy) values (3, 17, 3, '2/25/2024');
insert into Buys (idBuys, idCustomers, idCars, dateBuy) values (4, 27, 4, '7/10/2023');
insert into Buys (idBuys, idCustomers, idCars, dateBuy) values (5, 24, 5, '7/7/2018');
insert into Buys (idBuys, idCustomers, idCars, dateBuy) values (6, 8, 6, '8/6/2019');
insert into Buys (idBuys, idCustomers, idCars, dateBuy) values (7, 41, 7, '6/1/2023');
insert into Buys (idBuys, idCustomers, idCars, dateBuy) values (8, 22, 8, '8/31/2021');
insert into Buys (idBuys, idCustomers, idCars, dateBuy) values (9, 37, 9, '8/13/2023');
insert into Buys (idBuys, idCustomers, idCars, dateBuy) values (10, 25, 10, '12/30/2021');
insert into Buys (idBuys, idCustomers, idCars, dateBuy) values (11, 49, 11, '10/27/2017');
insert into Buys (idBuys, idCustomers, idCars, dateBuy) values (12, 11, 12, '5/27/2023');
insert into Buys (idBuys, idCustomers, idCars, dateBuy) values (13, 4, 13, '1/31/2021');
insert into Buys (idBuys, idCustomers, idCars, dateBuy) values (14, 3, 14, '8/21/2024');
insert into Buys (idBuys, idCustomers, idCars, dateBuy) values (15, 34, 15, '1/21/2020');
insert into Buys (idBuys, idCustomers, idCars, dateBuy) values (16, 36, 16, '10/6/2023');
insert into Buys (idBuys, idCustomers, idCars, dateBuy) values (17, 7, 17, '3/29/2020');
insert into Buys (idBuys, idCustomers, idCars, dateBuy) values (18, 11, 18, '10/27/2023');
insert into Buys (idBuys, idCustomers, idCars, dateBuy) values (19, 24, 19, '11/30/2020');
insert into Buys (idBuys, idCustomers, idCars, dateBuy) values (20, 40, 20, '8/3/2019');
insert into Buys (idBuys, idCustomers, idCars, dateBuy) values (21, 16, 21, '1/27/2017');
insert into Buys (idBuys, idCustomers, idCars, dateBuy) values (22, 11, 22, '8/22/2021');
insert into Buys (idBuys, idCustomers, idCars, dateBuy) values (23, 4, 23, '3/23/2019');
insert into Buys (idBuys, idCustomers, idCars, dateBuy) values (24, 1, 24, '5/14/2017');
insert into Buys (idBuys, idCustomers, idCars, dateBuy) values (25, 28, 25, '3/25/2019');
insert into Buys (idBuys, idCustomers, idCars, dateBuy) values (26, 46, 26, '2/23/2018');
insert into Buys (idBuys, idCustomers, idCars, dateBuy) values (27, 10, 27, '3/3/2019');
insert into Buys (idBuys, idCustomers, idCars, dateBuy) values (28, 7, 28, '6/7/2023');
insert into Buys (idBuys, idCustomers, idCars, dateBuy) values (29, 6, 29, '8/18/2022');
insert into Buys (idBuys, idCustomers, idCars, dateBuy) values (30, 26, 30, '7/7/2023');
insert into Buys (idBuys, idCustomers, idCars, dateBuy) values (31, 35, 31, '12/26/2021');
insert into Buys (idBuys, idCustomers, idCars, dateBuy) values (32, 8, 32, '2/28/2021');
insert into Buys (idBuys, idCustomers, idCars, dateBuy) values (33, 34, 33, '2/6/2021');
insert into Buys (idBuys, idCustomers, idCars, dateBuy) values (34, 10, 34, '8/16/2022');
insert into Buys (idBuys, idCustomers, idCars, dateBuy) values (35, 38, 35, '11/3/2019');
insert into Buys (idBuys, idCustomers, idCars, dateBuy) values (36, 49, 36, '1/25/2022');
insert into Buys (idBuys, idCustomers, idCars, dateBuy) values (37, 26, 37, '12/12/2023');
insert into Buys (idBuys, idCustomers, idCars, dateBuy) values (38, 36, 38, '12/26/2023');
insert into Buys (idBuys, idCustomers, idCars, dateBuy) values (39, 38, 39, '8/25/2017');
insert into Buys (idBuys, idCustomers, idCars, dateBuy) values (40, 31, 40, '8/4/2019');
insert into Buys (idBuys, idCustomers, idCars, dateBuy) values (41, 33, 41, '2/21/2020');
insert into Buys (idBuys, idCustomers, idCars, dateBuy) values (42, 31, 42, '10/10/2020');
insert into Buys (idBuys, idCustomers, idCars, dateBuy) values (43, 42, 43, '7/23/2024');
insert into Buys (idBuys, idCustomers, idCars, dateBuy) values (44, 36, 44, '11/25/2021');
insert into Buys (idBuys, idCustomers, idCars, dateBuy) values (45, 44, 45, '11/23/2021');
insert into Buys (idBuys, idCustomers, idCars, dateBuy) values (46, 31, 46, '12/30/2022');
insert into Buys (idBuys, idCustomers, idCars, dateBuy) values (47, 16, 47, '11/11/2019');
insert into Buys (idBuys, idCustomers, idCars, dateBuy) values (48, 12, 48, '10/5/2017');
insert into Buys (idBuys, idCustomers, idCars, dateBuy) values (49, 16, 49, '1/29/2023');
insert into Buys (idBuys, idCustomers, idCars, dateBuy) values (50, 3, 50, '7/12/2023');


